<?xml version="1.0"?>
<Timesheet xmlns="http://tempuri.org/Timesheet.xsd">
  <EmployeeID>75</EmployeeID>
  <EmployeeName>Who Is This</EmployeeName>
  <TimesheetData>
    <ActivityID>5</ActivityID>
    <ActivityName>drink coffee</ActivityName>
    <ActivityDuration>.25</ActivityDuration>
  </TimesheetData>
  <TimesheetData>
    <ActivityID>7</ActivityID>
    <ActivityName>programming</ActivityName>
    <ActivityDuration>5</ActivityDuration>
  </TimesheetData>
  <TimesheetData>
    <ActivityID>8</ActivityID>
    <ActivityName>talk a lot</ActivityName>
    <ActivityDuration>10</ActivityDuration>
  </TimesheetData>
  <TimesheetData>
    <ActivityID>12</ActivityID>
    <ActivityName>meditate</ActivityName>
    <ActivityDuration>1.5</ActivityDuration>
  </TimesheetData>
</Timesheet>